<?xml version="1.0" encoding="UTF-8"?>
<!DOCTYPE mapper
    PUBLIC "-//mybatis.org//DTD Mapper 3.0//EN"
    "http://mybatis.org/dtd/mybatis-3-mapper.dtd">
<mapper namespace="com.example.demo.mapper.NoteMapper">
    <!-- 疎通確認用：件数を取るだけ -->
    <select id="count" resultType="int">
        SELECT COUNT(*) FROM notes
    </select>

    <select id="findAll" resultType="com.example.demo.model.Note">
        SELECT
        id,
        text,
        created_at
        FROM notes
        ORDER BY id DESC
    </select>

    <insert id="insert" parameterType="string">
        INSERT INTO notes (text)
        VALUES (#{text})
    </insert>
    
    <select id="findById" parameterType="long" resultType="com.example.demo.model.Note">
        SELECT
            id,
            text,
            created_at
        FROM notes
        WHERE id = #{id}
    </select>

    <update id="update" parameterType="com.example.demo.model.Note">
        UPDATE notes
        SET text = #{text}
        WHERE id = #{id}
    </update>

</mapper>
